path,label
1f_1018.pt,0
1f_1026.pt,0
1f_1031.pt,0
1f_1070.pt,0
1f_1075.pt,0
1f_1079.pt,0
1f_1082.pt,0
1f_1087.pt,0
1f_1129.pt,0
1f_1137.pt,0
1f_1155.pt,0
1f_1161.pt,0
1f_1165.pt,0
1f_1201.pt,0
1f_1206.pt,0
1f_1207.pt,0
1f_1255.pt,0
1f_1279.pt,0
1f_1327.pt,0
1f_1341.pt,0
1f_1354.pt,0
1f_1355.pt,0
1f_1365.pt,0
1f_1377.pt,0
1f_1431.pt,0
1f_1437.pt,0
1f_1444.pt,0
1f_1463.pt,0
1f_1475.pt,0
1f_1476.pt,0
1f_1506.pt,0
1f_1530.pt,0
1f_1545.pt,0
1f_1605.pt,0
1f_1614.pt,0
1f_1615.pt,0
1f_1648.pt,0
1f_1658.pt,0
1f_1690.pt,0
1f_1696.pt,0
1f_1697.pt,0
1f_1713.pt,0
1f_1714.pt,0
1f_1721.pt,0
1f_1740.pt,0
1f_1751.pt,0
1f_1759.pt,0
1f_1770.pt,0
1f_1781.pt,0
1f_1783.pt,0
1f_1792.pt,0
1f_1797.pt,0
1f_1798.pt,0
1f_1803.pt,0
1f_1813.pt,0
1f_1821.pt,0
1f_1865.pt,0
1f_1892.pt,0
1f_1893.pt,0
1f_1908.pt,0
1f_1925.pt,0
1f_1937.pt,0
1f_1956.pt,0
1f_1987.pt,0
1f_1992.pt,0
1f_2004.pt,0
1f_2060.pt,0
1f_2074.pt,0
1f_2093.pt,0
1f_2108.pt,0
1f_2109.pt,0
1f_2113.pt,0
1f_2122.pt,0
1f_2154.pt,0
1f_2162.pt,0
1f_2177.pt,0
1f_2182.pt,0
1f_2195.pt,0
1f_2229.pt,0
1f_2268.pt,0
1f_2270.pt,0
1f_2274.pt,0
1f_2301.pt,0
1f_2309.pt,0
1f_2316.pt,0
1f_2324.pt,0
1f_2326.pt,0
1f_2328.pt,0
1f_2334.pt,0
1f_2367.pt,0
1f_2394.pt,0
1f_2401.pt,0
1f_2422.pt,0
1f_2428.pt,0
1f_2442.pt,0
1f_2481.pt,0
1f_2521.pt,0
1f_2524.pt,0
1f_2528.pt,0
1f_2577.pt,0
1f_2581.pt,0
1f_2586.pt,0
1f_2592.pt,0
1f_2659.pt,0
1f_2660.pt,0
1f_2665.pt,0
1f_2672.pt,0
1f_2673.pt,0
1f_2676.pt,0
1f_2710.pt,0
1f_2716.pt,0
1f_2802.pt,0
1f_2813.pt,0
1f_2822.pt,0
1f_2837.pt,0
1f_2875.pt,0
1f_2898.pt,0
1f_2931.pt,0
1f_2936.pt,0
1f_2946.pt,0
1f_2947.pt,0
1f_2965.pt,0
1f_3011.pt,0
1f_3055.pt,0
1f_3063.pt,0
1f_3065.pt,0
1f_3067.pt,0
1f_3070.pt,0
1f_3093.pt,0
1f_3094.pt,0
1f_3115.pt,0
1f_3117.pt,0
1f_3133.pt,0
1f_3141.pt,0
1f_3147.pt,0
1f_3148.pt,0
1f_3164.pt,0
1f_3204.pt,0
1f_3212.pt,0
1f_3251.pt,0
1f_3339.pt,0
1f_3340.pt,0
1f_3354.pt,0
1f_3357.pt,0
1f_3371.pt,0
1f_3380.pt,0
1f_3416.pt,0
1f_3461.pt,0
1f_3486.pt,0
1f_3496.pt,0
1f_3504.pt,0
1f_3544.pt,0
1f_3548.pt,0
1f_3555.pt,0
1f_3559.pt,0
1f_3562.pt,0
1f_3572.pt,0
1f_3575.pt,0
1f_3606.pt,0
1f_3626.pt,0
1f_3647.pt,0
1f_3676.pt,0
1f_3680.pt,0
1f_3683.pt,0
1f_3694.pt,0
1f_3743.pt,0
1f_3762.pt,0
1f_3763.pt,0
1f_3786.pt,0
1f_3797.pt,0
1f_3802.pt,0
1f_3815.pt,0
1f_3833.pt,0
1f_3854.pt,0
1f_3932.pt,0
1f_3972.pt,0
1f_3988.pt,0
1f_4004.pt,0
1f_4016.pt,0
1f_4055.pt,0
1f_4107.pt,0
1f_4108.pt,0
1f_4115.pt,0
1f_4135.pt,0
1f_4162.pt,0
1f_4170.pt,0
1f_4184.pt,0
1f_4186.pt,0
1f_4201.pt,0
1f_4222.pt,0
1f_4223.pt,0
1f_4246.pt,0
1f_4247.pt,0
1f_4301.pt,0
1f_4324.pt,0
1f_4367.pt,0
1f_4368.pt,0
1f_4401.pt,0
1f_4409.pt,0
1f_4423.pt,0
1f_4426.pt,0
1f_4476.pt,0
1f_4483.pt,0
1f_4486.pt,0
1f_4487.pt,0
1f_4492.pt,0
1f_4530.pt,0
1f_4555.pt,0
1f_4590.pt,0
1f_4599.pt,0
1f_4604.pt,0
1f_4620.pt,0
1f_4671.pt,0
1f_4682.pt,0
1f_4723.pt,0
1f_4735.pt,0
1f_4742.pt,0
1f_4743.pt,0
1f_4752.pt,0
1f_4755.pt,0
1f_4788.pt,0
1f_4815.pt,0
1f_4840.pt,0
1f_4889.pt,0
1f_4898.pt,0
1f_4913.pt,0
1f_4923.pt,0
1f_4925.pt,0
1f_4996.pt,0
1f_5040.pt,0
1f_5064.pt,0
1f_5067.pt,0
1f_5119.pt,0
1f_5143.pt,0
1f_5164.pt,0
1f_5181.pt,0
1f_5190.pt,0
1f_5226.pt,0
1f_5234.pt,0
1f_5252.pt,0
1f_5255.pt,0
1f_5266.pt,0
1f_5274.pt,0
1f_5275.pt,0
1f_5294.pt,0
1f_5299.pt,0
1f_5302.pt,0
1f_5311.pt,0
1f_5353.pt,0
1f_5392.pt,0
1f_5394.pt,0
1f_5410.pt,0
1f_5425.pt,0
1f_5442.pt,0
1f_5466.pt,0
1f_5471.pt,0
1f_5479.pt,0
1f_5507.pt,0
1f_5508.pt,0
1f_5518.pt,0
1f_5524.pt,0
1f_5542.pt,0
1f_5548.pt,0
1f_5553.pt,0
1f_5567.pt,0
1f_5587.pt,0
1f_5604.pt,0
1f_5608.pt,0
1f_5612.pt,0
1f_5624.pt,0
1f_5654.pt,0
1f_5715.pt,0
1f_5797.pt,0
1f_5801.pt,0
1f_5818.pt,0
1f_5821.pt,0
1f_5832.pt,0
1f_5842.pt,0
1f_5871.pt,0
1f_5899.pt,0
1f_5913.pt,0
1f_5914.pt,0
1f_5928.pt,0
1f_5938.pt,0
1f_5953.pt,0
1f_5983.pt,0
1f_6046.pt,0
1f_6090.pt,0
1f_6095.pt,0
1f_6102.pt,0
1f_6146.pt,0
1f_6150.pt,0
1f_6173.pt,0
1f_6186.pt,0
1f_6193.pt,0
1f_6200.pt,0
1f_6213.pt,0
1f_6220.pt,0
1f_6246.pt,0
1f_6253.pt,0
1f_6261.pt,0
1f_6268.pt,0
1f_6269.pt,0
1f_6283.pt,0
1f_6296.pt,0
1f_6310.pt,0
1f_6339.pt,0
1f_6361.pt,0
1f_6363.pt,0
1f_6377.pt,0
1f_6439.pt,0
1f_6447.pt,0
1f_6464.pt,0
1f_6503.pt,0
1f_6505.pt,0
1f_6507.pt,0
1f_6509.pt,0
1f_6512.pt,0
1f_6524.pt,0
1f_6543.pt,0
1f_6558.pt,0
1f_6562.pt,0
1f_6596.pt,0
1f_6600.pt,0
1f_6606.pt,0
1f_6619.pt,0
1f_6663.pt,0
1f_6664.pt,0
1f_6665.pt,0
1f_6676.pt,0
1f_6700.pt,0
1f_6702.pt,0
1f_6724.pt,0
1f_6761.pt,0
1f_6789.pt,0
1f_6804.pt,0
1f_6811.pt,0
1f_6813.pt,0
1f_6818.pt,0
1f_6849.pt,0
1f_6869.pt,0
1f_6906.pt,0
1f_6932.pt,0
1f_6934.pt,0
1f_6951.pt,0
1f_6956.pt,0
1f_6975.pt,0
1f_6984.pt,0
1f_6989.pt,0
1f_6991.pt,0
1f_7012.pt,0
1f_7024.pt,0
1f_7069.pt,0
1f_7086.pt,0
1f_7100.pt,0
1f_7104.pt,0
1f_7111.pt,0
1f_7126.pt,0
1f_7138.pt,0
1f_7148.pt,0
1f_7161.pt,0
1f_7195.pt,0
1f_7201.pt,0
1f_7205.pt,0
1f_7281.pt,0
1f_7309.pt,0
1f_7349.pt,0
1f_7404.pt,0
1f_7417.pt,0
1f_7419.pt,0
1f_7433.pt,0
1f_7447.pt,0
1f_7454.pt,0
1f_7486.pt,0
1f_7492.pt,0
1f_7502.pt,0
1f_7530.pt,0
1f_7543.pt,0
1f_7562.pt,0
1f_7577.pt,0
1f_7582.pt,0
1f_7621.pt,0
1f_7634.pt,0
1f_7681.pt,0
1f_7692.pt,0
1f_7694.pt,0
1f_7703.pt,0
1f_7707.pt,0
1f_7740.pt,0
1f_7752.pt,0
1f_7766.pt,0
1f_7767.pt,0
1f_7799.pt,0
1f_7807.pt,0
1f_7821.pt,0
1f_7871.pt,0
1f_7874.pt,0
1f_7881.pt,0
1f_7892.pt,0
1f_7893.pt,0
1f_7925.pt,0
1f_7934.pt,0
1f_7938.pt,0
1f_7956.pt,0
1f_7958.pt,0
1f_7964.pt,0
1f_8001.pt,0
1f_8003.pt,0
1f_8063.pt,0
1f_8071.pt,0
1f_8111.pt,0
1f_8156.pt,0
1f_8157.pt,0
1f_8180.pt,0
1f_8189.pt,0
1f_8211.pt,0
1f_8218.pt,0
1f_8227.pt,0
1f_8233.pt,0
1f_8268.pt,0
1f_8272.pt,0
1f_8279.pt,0
1f_8305.pt,0
1f_8336.pt,0
1f_8348.pt,0
1f_8405.pt,0
1f_8419.pt,0
1f_8424.pt,0
1f_8437.pt,0
1f_8464.pt,0
1f_8488.pt,0
1f_8492.pt,0
1f_8559.pt,0
1f_8565.pt,0
1f_8581.pt,0
1f_8592.pt,0
1f_8621.pt,0
1f_8644.pt,0
1f_8652.pt,0
1f_8691.pt,0
1f_8709.pt,0
1f_8729.pt,0
1f_8738.pt,0
1f_8739.pt,0
1f_8750.pt,0
1f_8773.pt,0
1f_8774.pt,0
1f_8776.pt,0
1f_8782.pt,0
1f_8786.pt,0
1f_8793.pt,0
1f_8818.pt,0
1f_8832.pt,0
1f_8846.pt,0
1f_8849.pt,0
1f_8852.pt,0
1f_8875.pt,0
1f_8883.pt,0
1f_8900.pt,0
1f_8923.pt,0
1f_8927.pt,0
1f_8940.pt,0
1f_8946.pt,0
1f_8964.pt,0
1f_8976.pt,0
1f_8999.pt,0
1f_9018.pt,0
1f_9047.pt,0
1f_9066.pt,0
1f_9080.pt,0
1f_9083.pt,0
1f_9102.pt,0
1f_9105.pt,0
1f_9142.pt,0
1f_9145.pt,0
1f_9184.pt,0
1f_9188.pt,0
1f_9239.pt,0
1f_9244.pt,0
1f_9252.pt,0
1f_9257.pt,0
1f_9267.pt,0
1f_9285.pt,0
1f_9293.pt,0
1f_9300.pt,0
1f_9303.pt,0
1f_9315.pt,0
1f_9342.pt,0
1f_9354.pt,0
1f_9366.pt,0
1f_9395.pt,0
1f_9403.pt,0
1f_9418.pt,0
1f_9443.pt,0
1f_9472.pt,0
1f_9484.pt,0
1f_9517.pt,0
1f_9556.pt,0
1f_9569.pt,0
1f_9573.pt,0
1f_9591.pt,0
1f_9593.pt,0
1f_9612.pt,0
1f_9623.pt,0
1f_9693.pt,0
1f_9732.pt,0
1f_9749.pt,0
1f_9755.pt,0
1f_9776.pt,0
1f_9814.pt,0
1f_9826.pt,0
1f_9829.pt,0
1f_9838.pt,0
1f_9842.pt,0
1f_9886.pt,0
1f_9888.pt,0
1f_9923.pt,0
1f_9938.pt,0
1f_9964.pt,0
1f_9965.pt,0
1m_1046.pt,0
1m_1069.pt,0
1m_1081.pt,0
1m_1175.pt,0
1m_1209.pt,0
1m_1221.pt,0
1m_1251.pt,0
1m_1266.pt,0
1m_1315.pt,0
1m_1342.pt,0
1m_1402.pt,0
1m_1450.pt,0
1m_1497.pt,0
1m_1513.pt,0
1m_1654.pt,0
1m_1685.pt,0
1m_1728.pt,0
1m_1747.pt,0
1m_1820.pt,0
1m_1827.pt,0
1m_1843.pt,0
1m_1928.pt,0
1m_1944.pt,0
1m_1972.pt,0
1m_1974.pt,0
1m_2018.pt,0
1m_2037.pt,0
1m_2053.pt,0
1m_2129.pt,0
1m_2211.pt,0
1m_2232.pt,0
1m_2257.pt,0
1m_2266.pt,0
1m_2282.pt,0
1m_2476.pt,0
1m_2551.pt,0
1m_2574.pt,0
1m_2615.pt,0
1m_2643.pt,0
1m_2670.pt,0
1m_2732.pt,0
1m_2751.pt,0
1m_2817.pt,0
1m_2821.pt,0
1m_2830.pt,0
1m_2846.pt,0
1m_2930.pt,0
1m_2972.pt,0
1m_2992.pt,0
1m_3008.pt,0
1m_3078.pt,0
1m_3159.pt,0
1m_3176.pt,0
1m_3186.pt,0
1m_3247.pt,0
1m_3261.pt,0
1m_3303.pt,0
1m_3310.pt,0
1m_3342.pt,0
1m_3404.pt,0
1m_3524.pt,0
1m_3644.pt,0
1m_3663.pt,0
1m_3672.pt,0
1m_3736.pt,0
1m_3807.pt,0
1m_3893.pt,0
1m_3894.pt,0
1m_3936.pt,0
1m_3947.pt,0
1m_4085.pt,0
1m_4104.pt,0
1m_4140.pt,0
1m_4152.pt,0
1m_4158.pt,0
1m_4236.pt,0
1m_4312.pt,0
1m_4321.pt,0
1m_4418.pt,0
1m_4421.pt,0
1m_4444.pt,0
1m_4539.pt,0
1m_4551.pt,0
1m_4564.pt,0
1m_4573.pt,0
1m_4582.pt,0
1m_4685.pt,0
1m_4705.pt,0
1m_4714.pt,0
1m_4741.pt,0
1m_4791.pt,0
1m_4820.pt,0
1m_4834.pt,0
1m_4871.pt,0
1m_4981.pt,0
1m_5041.pt,0
1m_5080.pt,0
1m_5149.pt,0
1m_5192.pt,0
1m_5200.pt,0
1m_5211.pt,0
1m_5298.pt,0
1m_5337.pt,0
1m_5384.pt,0
1m_5430.pt,0
1m_5432.pt,0
1m_5515.pt,0
1m_5533.pt,0
1m_5581.pt,0
1m_5622.pt,0
1m_5623.pt,0
1m_5636.pt,0
1m_5730.pt,0
1m_5744.pt,0
1m_5781.pt,0
1m_5870.pt,0
1m_5908.pt,0
1m_6082.pt,0
1m_6135.pt,0
1m_6177.pt,0
1m_6190.pt,0
1m_6241.pt,0
1m_6265.pt,0
1m_6290.pt,0
1m_6357.pt,0
1m_6400.pt,0
1m_6430.pt,0
1m_6473.pt,0
1m_6480.pt,0
1m_6525.pt,0
1m_6565.pt,0
1m_6612.pt,0
1m_6614.pt,0
1m_6655.pt,0
1m_6683.pt,0
1m_6708.pt,0
1m_6783.pt,0
1m_6794.pt,0
1m_6823.pt,0
1m_6847.pt,0
1m_6909.pt,0
1m_6935.pt,0
1m_6953.pt,0
1m_7054.pt,0
1m_7080.pt,0
1m_7101.pt,0
1m_7121.pt,0
1m_7133.pt,0
1m_7147.pt,0
1m_7159.pt,0
1m_7172.pt,0
1m_7207.pt,0
1m_7299.pt,0
1m_7415.pt,0
1m_7455.pt,0
1m_7461.pt,0
1m_7506.pt,0
1m_7515.pt,0
1m_7533.pt,0
1m_7573.pt,0
1m_7590.pt,0
1m_7610.pt,0
1m_7635.pt,0
1m_7651.pt,0
1m_7679.pt,0
1m_7770.pt,0
1m_7772.pt,0
1m_7823.pt,0
1m_7969.pt,0
1m_8005.pt,0
1m_8008.pt,0
1m_8027.pt,0
1m_8075.pt,0
1m_8191.pt,0
1m_8193.pt,0
1m_8195.pt,0
1m_8216.pt,0
1m_8292.pt,0
1m_8329.pt,0
1m_8330.pt,0
1m_8335.pt,0
1m_8371.pt,0
1m_8391.pt,0
1m_8423.pt,0
1m_8430.pt,0
1m_8493.pt,0
1m_8508.pt,0
1m_8517.pt,0
1m_8518.pt,0
1m_8623.pt,0
1m_8649.pt,0
1m_8666.pt,0
1m_8829.pt,0
1m_8842.pt,0
1m_8843.pt,0
1m_8954.pt,0
1m_9011.pt,0
1m_9037.pt,0
1m_9048.pt,0
1m_9103.pt,0
1m_9221.pt,0
1m_9242.pt,0
1m_9316.pt,0
1m_9348.pt,0
1m_9598.pt,0
1m_9615.pt,0
1m_9633.pt,0
1m_9674.pt,0
1m_9752.pt,0
1m_9763.pt,0
1m_9827.pt,0
1m_9867.pt,0
1m_9872.pt,0
1m_9919.pt,0
1m_9930.pt,0
1m_9940.pt,0
1m_9961.pt,0
1m_9973.pt,0
1m_9988.pt,0
1m_9989.pt,0
2f_1044.pt,1
2f_1092.pt,1
2f_1186.pt,1
2f_1211.pt,1
2f_1240.pt,1
2f_1314.pt,1
2f_1335.pt,1
2f_1349.pt,1
2f_1368.pt,1
2f_1413.pt,1
2f_1438.pt,1
2f_1459.pt,1
2f_1470.pt,1
2f_1479.pt,1
2f_1484.pt,1
2f_1564.pt,1
2f_1577.pt,1
2f_1652.pt,1
2f_1663.pt,1
2f_1670.pt,1
2f_1729.pt,1
2f_1741.pt,1
2f_1748.pt,1
2f_1835.pt,1
2f_1850.pt,1
2f_1870.pt,1
2f_1984.pt,1
2f_2025.pt,1
2f_2115.pt,1
2f_2150.pt,1
2f_2180.pt,1
2f_2192.pt,1
2f_2219.pt,1
2f_2247.pt,1
2f_2392.pt,1
2f_2404.pt,1
2f_2410.pt,1
2f_2423.pt,1
2f_2424.pt,1
2f_2444.pt,1
2f_2471.pt,1
2f_2478.pt,1
2f_2502.pt,1
2f_2510.pt,1
2f_2516.pt,1
2f_2557.pt,1
2f_2606.pt,1
2f_2616.pt,1
2f_2674.pt,1
2f_2684.pt,1
2f_2692.pt,1
2f_2737.pt,1
2f_2779.pt,1
2f_2833.pt,1
2f_2841.pt,1
2f_2849.pt,1
2f_2894.pt,1
2f_2918.pt,1
2f_2948.pt,1
2f_2958.pt,1
2f_3030.pt,1
2f_3062.pt,1
2f_3069.pt,1
2f_3101.pt,1
2f_3209.pt,1
2f_3240.pt,1
2f_3248.pt,1
2f_3298.pt,1
2f_3361.pt,1
2f_3372.pt,1
2f_3421.pt,1
2f_3435.pt,1
2f_3462.pt,1
2f_3491.pt,1
2f_3516.pt,1
2f_3518.pt,1
2f_3664.pt,1
2f_3722.pt,1
2f_3765.pt,1
2f_3772.pt,1
2f_3789.pt,1
2f_3821.pt,1
2f_3823.pt,1
2f_3848.pt,1
2f_3852.pt,1
2f_3856.pt,1
2f_3863.pt,1
2f_3941.pt,1
2f_3962.pt,1
2f_3969.pt,1
2f_3999.pt,1
2f_4002.pt,1
2f_4022.pt,1
2f_4071.pt,1
2f_4097.pt,1
2f_4105.pt,1
2f_4145.pt,1
2f_4156.pt,1
2f_4160.pt,1
2f_4233.pt,1
2f_4286.pt,1
2f_4303.pt,1
2f_4341.pt,1
2f_4343.pt,1
2f_4365.pt,1
2f_4400.pt,1
2f_4445.pt,1
2f_4516.pt,1
2f_4534.pt,1
2f_4562.pt,1
2f_4567.pt,1
2f_4570.pt,1
2f_4580.pt,1
2f_4600.pt,1
2f_4606.pt,1
2f_4635.pt,1
2f_4647.pt,1
2f_4658.pt,1
2f_4659.pt,1
2f_4732.pt,1
2f_4764.pt,1
2f_4779.pt,1
2f_4839.pt,1
2f_4879.pt,1
2f_4955.pt,1
2f_5022.pt,1
2f_5030.pt,1
2f_5053.pt,1
2f_5056.pt,1
2f_5104.pt,1
2f_5113.pt,1
2f_5115.pt,1
2f_5126.pt,1
2f_5138.pt,1
2f_5139.pt,1
2f_5160.pt,1
2f_5178.pt,1
2f_5207.pt,1
2f_5238.pt,1
2f_5292.pt,1
2f_5306.pt,1
2f_5379.pt,1
2f_5445.pt,1
2f_5478.pt,1
2f_5559.pt,1
2f_5653.pt,1
2f_5661.pt,1
2f_5668.pt,1
2f_5683.pt,1
2f_5684.pt,1
2f_5708.pt,1
2f_5709.pt,1
2f_5829.pt,1
2f_5833.pt,1
2f_5850.pt,1
2f_5873.pt,1
2f_5887.pt,1
2f_5900.pt,1
2f_5972.pt,1
2f_6004.pt,1
2f_6014.pt,1
2f_6035.pt,1
2f_6061.pt,1
2f_6094.pt,1
2f_6224.pt,1
2f_6346.pt,1
2f_6378.pt,1
2f_6381.pt,1
2f_6402.pt,1
2f_6422.pt,1
2f_6515.pt,1
2f_6530.pt,1
2f_6576.pt,1
2f_6580.pt,1
2f_6594.pt,1
2f_6602.pt,1
2f_6638.pt,1
2f_6692.pt,1
2f_6703.pt,1
2f_6779.pt,1
2f_6899.pt,1
2f_6918.pt,1
2f_6931.pt,1
2f_6958.pt,1
2f_6987.pt,1
2f_7015.pt,1
2f_7089.pt,1
2f_7091.pt,1
2f_7095.pt,1
2f_7119.pt,1
2f_7131.pt,1
2f_7140.pt,1
2f_7217.pt,1
2f_7275.pt,1
2f_7304.pt,1
2f_7313.pt,1
2f_7331.pt,1
2f_7333.pt,1
2f_7375.pt,1
2f_7383.pt,1
2f_7399.pt,1
2f_7413.pt,1
2f_7462.pt,1
2f_7493.pt,1
2f_7511.pt,1
2f_7516.pt,1
2f_7566.pt,1
2f_7579.pt,1
2f_7603.pt,1
2f_7609.pt,1
2f_7655.pt,1
2f_7657.pt,1
2f_7659.pt,1
2f_7663.pt,1
2f_7689.pt,1
2f_7708.pt,1
2f_7716.pt,1
2f_7744.pt,1
2f_7749.pt,1
2f_7774.pt,1
2f_7797.pt,1
2f_7814.pt,1
2f_7824.pt,1
2f_7836.pt,1
2f_7861.pt,1
2f_7880.pt,1
2f_7904.pt,1
2f_7965.pt,1
2f_7989.pt,1
2f_8049.pt,1
2f_8057.pt,1
2f_8106.pt,1
2f_8132.pt,1
2f_8209.pt,1
2f_8291.pt,1
2f_8300.pt,1
2f_8352.pt,1
2f_8387.pt,1
2f_8404.pt,1
2f_8444.pt,1
2f_8451.pt,1
2f_8468.pt,1
2f_8491.pt,1
2f_8551.pt,1
2f_8594.pt,1
2f_8631.pt,1
2f_8635.pt,1
2f_8682.pt,1
2f_8756.pt,1
2f_8785.pt,1
2f_8806.pt,1
2f_8821.pt,1
2f_8879.pt,1
2f_8963.pt,1
2f_8980.pt,1
2f_8984.pt,1
2f_9024.pt,1
2f_9026.pt,1
2f_9064.pt,1
2f_9068.pt,1
2f_9100.pt,1
2f_9111.pt,1
2f_9191.pt,1
2f_9215.pt,1
2f_9264.pt,1
2f_9283.pt,1
2f_9406.pt,1
2f_9454.pt,1
2f_9504.pt,1
2f_9519.pt,1
2f_9535.pt,1
2f_9536.pt,1
2f_9588.pt,1
2f_9607.pt,1
2f_9669.pt,1
2f_9790.pt,1
2f_9791.pt,1
2f_9793.pt,1
2f_9799.pt,1
2f_9836.pt,1
2f_9860.pt,1
2f_9862.pt,1
2f_9887.pt,1
2f_9936.pt,1
2f_9976.pt,1
2f_9983.pt,1
2f_9990.pt,1
2m_1022.pt,1
2m_1041.pt,1
2m_1114.pt,1
2m_1115.pt,1
2m_1117.pt,1
2m_1213.pt,1
2m_1219.pt,1
2m_1222.pt,1
2m_1225.pt,1
2m_1261.pt,1
2m_1281.pt,1
2m_1283.pt,1
2m_1287.pt,1
2m_1307.pt,1
2m_1319.pt,1
2m_1325.pt,1
2m_1361.pt,1
2m_1429.pt,1
2m_1449.pt,1
2m_1461.pt,1
2m_1474.pt,1
2m_1518.pt,1
2m_1532.pt,1
2m_1542.pt,1
2m_1553.pt,1
2m_1558.pt,1
2m_1635.pt,1
2m_1636.pt,1
2m_1672.pt,1
2m_1674.pt,1
2m_1691.pt,1
2m_1694.pt,1
2m_1699.pt,1
2m_1811.pt,1
2m_1815.pt,1
2m_1825.pt,1
2m_1831.pt,1
2m_1849.pt,1
2m_1856.pt,1
2m_1864.pt,1
2m_1878.pt,1
2m_1897.pt,1
2m_1929.pt,1
2m_1951.pt,1
2m_1966.pt,1
2m_1973.pt,1
2m_1976.pt,1
2m_1989.pt,1
2m_2008.pt,1
2m_2016.pt,1
2m_2057.pt,1
2m_2063.pt,1
2m_2076.pt,1
2m_2080.pt,1
2m_2086.pt,1
2m_2096.pt,1
2m_2106.pt,1
2m_2127.pt,1
2m_2141.pt,1
2m_2155.pt,1
2m_2181.pt,1
2m_2204.pt,1
2m_2222.pt,1
2m_2245.pt,1
2m_2259.pt,1
2m_2273.pt,1
2m_2290.pt,1
2m_2312.pt,1
2m_2332.pt,1
2m_2333.pt,1
2m_2335.pt,1
2m_2396.pt,1
2m_2408.pt,1
2m_2427.pt,1
2m_2434.pt,1
2m_2472.pt,1
2m_2504.pt,1
2m_2507.pt,1
2m_2525.pt,1
2m_2531.pt,1
2m_2544.pt,1
2m_2546.pt,1
2m_2548.pt,1
2m_2594.pt,1
2m_2658.pt,1
2m_2669.pt,1
2m_2690.pt,1
2m_2699.pt,1
2m_2704.pt,1
2m_2705.pt,1
2m_2721.pt,1
2m_2734.pt,1
2m_2747.pt,1
2m_2848.pt,1
2m_2859.pt,1
2m_2927.pt,1
2m_2964.pt,1
2m_2987.pt,1
2m_2988.pt,1
2m_3019.pt,1
2m_3032.pt,1
2m_3144.pt,1
2m_3163.pt,1
2m_3169.pt,1
2m_3202.pt,1
2m_3223.pt,1
2m_3224.pt,1
2m_3269.pt,1
2m_3302.pt,1
2m_3346.pt,1
2m_3410.pt,1
2m_3467.pt,1
2m_3478.pt,1
2m_3479.pt,1
2m_3513.pt,1
2m_3630.pt,1
2m_3632.pt,1
2m_3640.pt,1
2m_3669.pt,1
2m_3781.pt,1
2m_3782.pt,1
2m_3809.pt,1
2m_3871.pt,1
2m_3916.pt,1
2m_3927.pt,1
2m_3950.pt,1
2m_3971.pt,1
2m_3981.pt,1
2m_3993.pt,1
2m_4026.pt,1
2m_4038.pt,1
2m_4041.pt,1
2m_4047.pt,1
2m_4049.pt,1
2m_4050.pt,1
2m_4051.pt,1
2m_4089.pt,1
2m_4137.pt,1
2m_4187.pt,1
2m_4207.pt,1
2m_4228.pt,1
2m_4264.pt,1
2m_4285.pt,1
2m_4306.pt,1
2m_4327.pt,1
2m_4359.pt,1
2m_4363.pt,1
2m_4465.pt,1
2m_4475.pt,1
2m_4478.pt,1
2m_4489.pt,1
2m_4511.pt,1
2m_4549.pt,1
2m_4557.pt,1
2m_4615.pt,1
2m_4623.pt,1
2m_4624.pt,1
2m_4669.pt,1
2m_4687.pt,1
2m_4795.pt,1
2m_4853.pt,1
2m_4868.pt,1
2m_4882.pt,1
2m_4888.pt,1
2m_4911.pt,1
2m_5015.pt,1
2m_5051.pt,1
2m_5090.pt,1
2m_5111.pt,1
2m_5116.pt,1
2m_5129.pt,1
2m_5135.pt,1
2m_5185.pt,1
2m_5191.pt,1
2m_5194.pt,1
2m_5210.pt,1
2m_5217.pt,1
2m_5240.pt,1
2m_5245.pt,1
2m_5261.pt,1
2m_5281.pt,1
2m_5297.pt,1
2m_5301.pt,1
2m_5366.pt,1
2m_5373.pt,1
2m_5528.pt,1
2m_5560.pt,1
2m_5572.pt,1
2m_5616.pt,1
2m_5671.pt,1
2m_5675.pt,1
2m_5687.pt,1
2m_5718.pt,1
2m_5722.pt,1
2m_5769.pt,1
2m_5772.pt,1
2m_5777.pt,1
2m_5816.pt,1
2m_5845.pt,1
2m_5856.pt,1
2m_5893.pt,1
2m_5939.pt,1
2m_5943.pt,1
2m_5963.pt,1
2m_5965.pt,1
2m_5975.pt,1
2m_6080.pt,1
2m_6100.pt,1
2m_6118.pt,1
2m_6127.pt,1
2m_6159.pt,1
2m_6165.pt,1
2m_6301.pt,1
2m_6349.pt,1
2m_6352.pt,1
2m_6358.pt,1
2m_6382.pt,1
2m_6392.pt,1
2m_6412.pt,1
2m_6438.pt,1
2m_6472.pt,1
2m_6474.pt,1
2m_6475.pt,1
2m_6493.pt,1
2m_6495.pt,1
2m_6520.pt,1
2m_6529.pt,1
2m_6575.pt,1
2m_6579.pt,1
2m_6587.pt,1
2m_6654.pt,1
2m_6841.pt,1
2m_6844.pt,1
2m_6928.pt,1
2m_7010.pt,1
2m_7016.pt,1
2m_7045.pt,1
2m_7255.pt,1
2m_7347.pt,1
2m_7348.pt,1
2m_7360.pt,1
2m_7369.pt,1
2m_7390.pt,1
2m_7421.pt,1
2m_7439.pt,1
2m_7596.pt,1
2m_7671.pt,1
2m_7677.pt,1
2m_7690.pt,1
2m_7691.pt,1
2m_7710.pt,1
2m_7737.pt,1
2m_7750.pt,1
2m_7802.pt,1
2m_7810.pt,1
2m_7828.pt,1
2m_7847.pt,1
2m_7912.pt,1
2m_7914.pt,1
2m_7982.pt,1
2m_8046.pt,1
2m_8055.pt,1
2m_8056.pt,1
2m_8073.pt,1
2m_8109.pt,1
2m_8123.pt,1
2m_8213.pt,1
2m_8230.pt,1
2m_8286.pt,1
2m_8325.pt,1
2m_8354.pt,1
2m_8435.pt,1
2m_8516.pt,1
2m_8529.pt,1
2m_8537.pt,1
2m_8557.pt,1
2m_8567.pt,1
2m_8583.pt,1
2m_8596.pt,1
2m_8599.pt,1
2m_8626.pt,1
2m_8634.pt,1
2m_8705.pt,1
2m_8742.pt,1
2m_8836.pt,1
2m_8866.pt,1
2m_8893.pt,1
2m_8901.pt,1
2m_8936.pt,1
2m_8941.pt,1
2m_8981.pt,1
2m_9010.pt,1
2m_9039.pt,1
2m_9052.pt,1
2m_9090.pt,1
2m_9097.pt,1
2m_9128.pt,1
2m_9135.pt,1
2m_9155.pt,1
2m_9160.pt,1
2m_9203.pt,1
2m_9226.pt,1
2m_9247.pt,1
2m_9251.pt,1
2m_9317.pt,1
2m_9347.pt,1
2m_9353.pt,1
2m_9361.pt,1
2m_9391.pt,1
2m_9432.pt,1
2m_9434.pt,1
2m_9442.pt,1
2m_9488.pt,1
2m_9499.pt,1
2m_9548.pt,1
2m_9577.pt,1
2m_9583.pt,1
2m_9640.pt,1
2m_9654.pt,1
2m_9681.pt,1
2m_9695.pt,1
2m_9726.pt,1
2m_9727.pt,1
2m_9745.pt,1
2m_9772.pt,1
2m_9782.pt,1
2m_9801.pt,1
2m_9802.pt,1
2m_9820.pt,1
2m_9848.pt,1
2m_9849.pt,1
2m_9855.pt,1
2m_9898.pt,1
2m_9900.pt,1
2m_9925.pt,1
2m_9931.pt,1
2m_9963.pt,1
2m_9984.pt,1
2m_9986.pt,1
3f_1013.pt,2
3f_1021.pt,2
3f_1033.pt,2
3f_1055.pt,2
3f_1174.pt,2
3f_1179.pt,2
3f_1208.pt,2
3f_1278.pt,2
3f_1308.pt,2
3f_1347.pt,2
3f_1430.pt,2
3f_1442.pt,2
3f_1472.pt,2
3f_1533.pt,2
3f_1583.pt,2
3f_1593.pt,2
3f_1594.pt,2
3f_1612.pt,2
3f_1624.pt,2
3f_1631.pt,2
3f_1660.pt,2
3f_1793.pt,2
3f_1817.pt,2
3f_1872.pt,2
3f_1943.pt,2
3f_1968.pt,2
3f_1980.pt,2
3f_1998.pt,2
3f_2015.pt,2
3f_2027.pt,2
3f_2036.pt,2
3f_2039.pt,2
3f_2062.pt,2
3f_2089.pt,2
3f_2126.pt,2
3f_2165.pt,2
3f_2206.pt,2
3f_2267.pt,2
3f_2292.pt,2
3f_2308.pt,2
3f_2342.pt,2
3f_2374.pt,2
3f_2380.pt,2
3f_2440.pt,2
3f_2467.pt,2
3f_2545.pt,2
3f_2564.pt,2
3f_2719.pt,2
3f_2731.pt,2
3f_2742.pt,2
3f_2759.pt,2
3f_2815.pt,2
3f_2881.pt,2
3f_2909.pt,2
3f_2921.pt,2
3f_3054.pt,2
3f_3096.pt,2
3f_3158.pt,2
3f_3218.pt,2
3f_3258.pt,2
3f_3271.pt,2
3f_3323.pt,2
3f_3334.pt,2
3f_3338.pt,2
3f_3360.pt,2
3f_3387.pt,2
3f_3554.pt,2
3f_3569.pt,2
3f_3582.pt,2
3f_3610.pt,2
3f_3638.pt,2
3f_3675.pt,2
3f_3677.pt,2
3f_3704.pt,2
3f_3708.pt,2
3f_3746.pt,2
3f_3767.pt,2
3f_3770.pt,2
3f_3775.pt,2
3f_3796.pt,2
3f_3872.pt,2
3f_3895.pt,2
3f_3937.pt,2
3f_3963.pt,2
3f_3974.pt,2
3f_4036.pt,2
3f_4084.pt,2
3f_4094.pt,2
3f_4123.pt,2
3f_4139.pt,2
3f_4221.pt,2
3f_4272.pt,2
3f_4282.pt,2
3f_4283.pt,2
3f_4374.pt,2
3f_4393.pt,2
3f_4442.pt,2
3f_4526.pt,2
3f_4633.pt,2
3f_4646.pt,2
3f_4688.pt,2
3f_4699.pt,2
3f_4728.pt,2
3f_4793.pt,2
3f_4825.pt,2
3f_4828.pt,2
3f_4855.pt,2
3f_4895.pt,2
3f_4907.pt,2
3f_4909.pt,2
3f_4940.pt,2
3f_4995.pt,2
3f_5099.pt,2
3f_5150.pt,2
3f_5199.pt,2
3f_5219.pt,2
3f_5224.pt,2
3f_5237.pt,2
3f_5286.pt,2
3f_5345.pt,2
3f_5456.pt,2
3f_5486.pt,2
3f_5549.pt,2
3f_5603.pt,2
3f_5609.pt,2
3f_5739.pt,2
3f_5820.pt,2
3f_5849.pt,2
3f_5880.pt,2
3f_5885.pt,2
3f_5892.pt,2
3f_5910.pt,2
3f_5917.pt,2
3f_5948.pt,2
3f_6017.pt,2
3f_6042.pt,2
3f_6073.pt,2
3f_6101.pt,2
3f_6195.pt,2
3f_6255.pt,2
3f_6307.pt,2
3f_6411.pt,2
3f_6425.pt,2
3f_6504.pt,2
3f_6519.pt,2
3f_6544.pt,2
3f_6553.pt,2
3f_6569.pt,2
3f_6571.pt,2
3f_6581.pt,2
3f_6698.pt,2
3f_6725.pt,2
3f_6729.pt,2
3f_6751.pt,2
3f_6771.pt,2
3f_6845.pt,2
3f_6858.pt,2
3f_6993.pt,2
3f_7026.pt,2
3f_7052.pt,2
3f_7156.pt,2
3f_7220.pt,2
3f_7249.pt,2
3f_7293.pt,2
3f_7357.pt,2
3f_7441.pt,2
3f_7463.pt,2
3f_7513.pt,2
3f_7558.pt,2
3f_7569.pt,2
3f_7629.pt,2
3f_7640.pt,2
3f_7695.pt,2
3f_7706.pt,2
3f_7794.pt,2
3f_7884.pt,2
3f_7895.pt,2
3f_7957.pt,2
3f_8037.pt,2
3f_8051.pt,2
3f_8064.pt,2
3f_8088.pt,2
3f_8098.pt,2
3f_8105.pt,2
3f_8117.pt,2
3f_8137.pt,2
3f_8163.pt,2
3f_8172.pt,2
3f_8204.pt,2
3f_8246.pt,2
3f_8261.pt,2
3f_8343.pt,2
3f_8413.pt,2
3f_8416.pt,2
3f_8429.pt,2
3f_8471.pt,2
3f_8478.pt,2
3f_8506.pt,2
3f_8515.pt,2
3f_8555.pt,2
3f_8570.pt,2
3f_8584.pt,2
3f_8585.pt,2
3f_8604.pt,2
3f_8620.pt,2
3f_8638.pt,2
3f_8735.pt,2
3f_8834.pt,2
3f_8897.pt,2
3f_8955.pt,2
3f_8958.pt,2
3f_9065.pt,2
3f_9075.pt,2
3f_9079.pt,2
3f_9088.pt,2
3f_9091.pt,2
3f_9107.pt,2
3f_9169.pt,2
3f_9237.pt,2
3f_9240.pt,2
3f_9328.pt,2
3f_9368.pt,2
3f_9476.pt,2
3f_9525.pt,2
3f_9539.pt,2
3f_9540.pt,2
3f_9554.pt,2
3f_9555.pt,2
3f_9602.pt,2
3f_9629.pt,2
3f_9652.pt,2
3f_9687.pt,2
3f_9733.pt,2
3f_9744.pt,2
3f_9748.pt,2
3f_9804.pt,2
3f_9823.pt,2
3f_9932.pt,2
3f_9944.pt,2
3f_9950.pt,2
3f_9956.pt,2
3f_9957.pt,2
3m_1025.pt,2
3m_1066.pt,2
3m_1103.pt,2
3m_1108.pt,2
3m_1264.pt,2
3m_1296.pt,2
3m_1371.pt,2
3m_1374.pt,2
3m_1396.pt,2
3m_1435.pt,2
3m_1466.pt,2
3m_1502.pt,2
3m_1525.pt,2
3m_1540.pt,2
3m_1556.pt,2
3m_1591.pt,2
3m_1603.pt,2
3m_1616.pt,2
3m_1620.pt,2
3m_1665.pt,2
3m_1687.pt,2
3m_1689.pt,2
3m_1693.pt,2
3m_1756.pt,2
3m_1767.pt,2
3m_1819.pt,2
3m_1844.pt,2
3m_1848.pt,2
3m_1911.pt,2
3m_1914.pt,2
3m_1919.pt,2
3m_1927.pt,2
3m_1971.pt,2
3m_1991.pt,2
3m_2023.pt,2
3m_2031.pt,2
3m_2034.pt,2
3m_2045.pt,2
3m_2073.pt,2
3m_2114.pt,2
3m_2133.pt,2
3m_2228.pt,2
3m_2272.pt,2
3m_2280.pt,2
3m_2285.pt,2
3m_2363.pt,2
3m_2366.pt,2
3m_2378.pt,2
3m_2389.pt,2
3m_2414.pt,2
3m_2536.pt,2
3m_2563.pt,2
3m_2578.pt,2
3m_2630.pt,2
3m_2741.pt,2
3m_2757.pt,2
3m_2797.pt,2
3m_2800.pt,2
3m_2877.pt,2
3m_2879.pt,2
3m_2920.pt,2
3m_2953.pt,2
3m_2961.pt,2
3m_3015.pt,2
3m_3016.pt,2
3m_3024.pt,2
3m_3029.pt,2
3m_3044.pt,2
3m_3066.pt,2
3m_3088.pt,2
3m_3095.pt,2
3m_3114.pt,2
3m_3125.pt,2
3m_3127.pt,2
3m_3132.pt,2
3m_3181.pt,2
3m_3226.pt,2
3m_3335.pt,2
3m_3341.pt,2
3m_3368.pt,2
3m_3375.pt,2
3m_3382.pt,2
3m_3417.pt,2
3m_3418.pt,2
3m_3424.pt,2
3m_3501.pt,2
3m_3514.pt,2
3m_3517.pt,2
3m_3568.pt,2
3m_3670.pt,2
3m_3769.pt,2
3m_3773.pt,2
3m_3784.pt,2
3m_3803.pt,2
3m_3813.pt,2
3m_3825.pt,2
3m_3844.pt,2
3m_3851.pt,2
3m_3853.pt,2
3m_3907.pt,2
3m_3938.pt,2
3m_3945.pt,2
3m_3948.pt,2
3m_3960.pt,2
3m_4018.pt,2
3m_4023.pt,2
3m_4025.pt,2
3m_4043.pt,2
3m_4061.pt,2
3m_4064.pt,2
3m_4095.pt,2
3m_4122.pt,2
3m_4134.pt,2
3m_4151.pt,2
3m_4193.pt,2
3m_4203.pt,2
3m_4213.pt,2
3m_4243.pt,2
3m_4266.pt,2
3m_4279.pt,2
3m_4292.pt,2
3m_4297.pt,2
3m_4378.pt,2
3m_4399.pt,2
3m_4471.pt,2
3m_4491.pt,2
3m_4497.pt,2
3m_4518.pt,2
3m_4611.pt,2
3m_4649.pt,2
3m_4715.pt,2
3m_4718.pt,2
3m_4722.pt,2
3m_4773.pt,2
3m_4781.pt,2
3m_4854.pt,2
3m_4929.pt,2
3m_4983.pt,2
3m_4994.pt,2
3m_5057.pt,2
3m_5068.pt,2
3m_5096.pt,2
3m_5140.pt,2
3m_5158.pt,2
3m_5168.pt,2
3m_5170.pt,2
3m_5206.pt,2
3m_5236.pt,2
3m_5244.pt,2
3m_5254.pt,2
3m_5265.pt,2
3m_5283.pt,2
3m_5349.pt,2
3m_5361.pt,2
3m_5383.pt,2
3m_5400.pt,2
3m_5408.pt,2
3m_5513.pt,2
3m_5535.pt,2
3m_5547.pt,2
3m_5563.pt,2
3m_5571.pt,2
3m_5621.pt,2
3m_5628.pt,2
3m_5644.pt,2
3m_5649.pt,2
3m_5748.pt,2
3m_5804.pt,2
3m_5806.pt,2
3m_5841.pt,2
3m_5958.pt,2
3m_5976.pt,2
3m_5984.pt,2
3m_5985.pt,2
3m_6007.pt,2
3m_6010.pt,2
3m_6063.pt,2
3m_6133.pt,2
3m_6144.pt,2
3m_6187.pt,2
3m_6204.pt,2
3m_6207.pt,2
3m_6218.pt,2
3m_6223.pt,2
3m_6258.pt,2
3m_6350.pt,2
3m_6385.pt,2
3m_6431.pt,2
3m_6455.pt,2
3m_6506.pt,2
3m_6508.pt,2
3m_6518.pt,2
3m_6539.pt,2
3m_6561.pt,2
3m_6564.pt,2
3m_6574.pt,2
3m_6609.pt,2
3m_6631.pt,2
3m_6635.pt,2
3m_6691.pt,2
3m_6758.pt,2
3m_6759.pt,2
3m_6777.pt,2
3m_6786.pt,2
3m_6800.pt,2
3m_6864.pt,2
3m_6868.pt,2
3m_6925.pt,2
3m_6979.pt,2
3m_6981.pt,2
3m_7031.pt,2
3m_7042.pt,2
3m_7059.pt,2
3m_7065.pt,2
3m_7085.pt,2
3m_7120.pt,2
3m_7175.pt,2
3m_7261.pt,2
3m_7283.pt,2
3m_7288.pt,2
3m_7314.pt,2
3m_7330.pt,2
3m_7350.pt,2
3m_7391.pt,2
3m_7397.pt,2
3m_7403.pt,2
3m_7422.pt,2
3m_7438.pt,2
3m_7460.pt,2
3m_7495.pt,2
3m_7550.pt,2
3m_7586.pt,2
3m_7594.pt,2
3m_7604.pt,2
3m_7608.pt,2
3m_7670.pt,2
3m_7673.pt,2
3m_7693.pt,2
3m_7709.pt,2
3m_7768.pt,2
3m_7798.pt,2
3m_7809.pt,2
3m_7826.pt,2
3m_7878.pt,2
3m_7926.pt,2
3m_7928.pt,2
3m_7950.pt,2
3m_7961.pt,2
3m_7991.pt,2
3m_8035.pt,2
3m_8141.pt,2
3m_8150.pt,2
3m_8169.pt,2
3m_8183.pt,2
3m_8187.pt,2
3m_8234.pt,2
3m_8241.pt,2
3m_8259.pt,2
3m_8281.pt,2
3m_8309.pt,2
3m_8337.pt,2
3m_8346.pt,2
3m_8446.pt,2
3m_8448.pt,2
3m_8454.pt,2
3m_8456.pt,2
3m_8496.pt,2
3m_8497.pt,2
3m_8541.pt,2
3m_8543.pt,2
3m_8593.pt,2
3m_8601.pt,2
3m_8619.pt,2
3m_8628.pt,2
3m_8675.pt,2
3m_8721.pt,2
3m_8769.pt,2
3m_8790.pt,2
3m_8795.pt,2
3m_8809.pt,2
3m_8814.pt,2
3m_8817.pt,2
3m_8835.pt,2
3m_8839.pt,2
3m_8878.pt,2
3m_8892.pt,2
3m_8924.pt,2
3m_8996.pt,2
3m_9001.pt,2
3m_9005.pt,2
3m_9077.pt,2
3m_9110.pt,2
3m_9122.pt,2
3m_9193.pt,2
3m_9222.pt,2
3m_9223.pt,2
3m_9238.pt,2
3m_9280.pt,2
3m_9298.pt,2
3m_9324.pt,2
3m_9330.pt,2
3m_9358.pt,2
3m_9362.pt,2
3m_9375.pt,2
3m_9393.pt,2
3m_9396.pt,2
3m_9456.pt,2
3m_9461.pt,2
3m_9467.pt,2
3m_9483.pt,2
3m_9547.pt,2
3m_9647.pt,2
3m_9678.pt,2
3m_9682.pt,2
3m_9760.pt,2
3m_9775.pt,2
3m_9798.pt,2
3m_9819.pt,2
3m_9859.pt,2
3m_9895.pt,2
3m_9958.pt,2
3m_9991.pt,2
4f_1006.pt,3
4f_1020.pt,3
4f_1030.pt,3
4f_1052.pt,3
4f_1056.pt,3
4f_1076.pt,3
4f_1149.pt,3
4f_1152.pt,3
4f_1159.pt,3
4f_1170.pt,3
4f_1229.pt,3
4f_1265.pt,3
4f_1276.pt,3
4f_1305.pt,3
4f_1343.pt,3
4f_1373.pt,3
4f_1387.pt,3
4f_1409.pt,3
4f_1419.pt,3
4f_1425.pt,3
4f_1440.pt,3
4f_1446.pt,3
4f_1465.pt,3
4f_1486.pt,3
4f_1514.pt,3
4f_1515.pt,3
4f_1517.pt,3
4f_1548.pt,3
4f_1630.pt,3
4f_1653.pt,3
4f_1684.pt,3
4f_1779.pt,3
4f_1788.pt,3
4f_1794.pt,3
4f_1795.pt,3
4f_1842.pt,3
4f_1873.pt,3
4f_1887.pt,3
4f_1905.pt,3
4f_1950.pt,3
4f_2021.pt,3
4f_2040.pt,3
4f_2042.pt,3
4f_2079.pt,3
4f_2100.pt,3
4f_2116.pt,3
4f_2124.pt,3
4f_2134.pt,3
4f_2262.pt,3
4f_2330.pt,3
4f_2345.pt,3
4f_2358.pt,3
4f_2382.pt,3
4f_2399.pt,3
4f_2409.pt,3
4f_2459.pt,3
4f_2488.pt,3
4f_2491.pt,3
4f_2509.pt,3
4f_2537.pt,3
4f_2593.pt,3
4f_2662.pt,3
4f_2685.pt,3
4f_2689.pt,3
4f_2729.pt,3
4f_2736.pt,3
4f_2773.pt,3
4f_2804.pt,3
4f_2809.pt,3
4f_2810.pt,3
4f_2825.pt,3
4f_2829.pt,3
4f_2890.pt,3
4f_2900.pt,3
4f_2907.pt,3
4f_2975.pt,3
4f_2976.pt,3
4f_3004.pt,3
4f_3052.pt,3
4f_3057.pt,3
4f_3104.pt,3
4f_3120.pt,3
4f_3146.pt,3
4f_3157.pt,3
4f_3278.pt,3
4f_3306.pt,3
4f_3331.pt,3
4f_3350.pt,3
4f_3364.pt,3
4f_3374.pt,3
4f_3381.pt,3
4f_3393.pt,3
4f_3535.pt,3
4f_3547.pt,3
4f_3553.pt,3
4f_3577.pt,3
4f_3604.pt,3
4f_3628.pt,3
4f_3648.pt,3
4f_3650.pt,3
4f_3658.pt,3
4f_3686.pt,3
4f_3688.pt,3
4f_3695.pt,3
4f_3734.pt,3
4f_3738.pt,3
4f_3779.pt,3
4f_3793.pt,3
4f_3794.pt,3
4f_3808.pt,3
4f_3890.pt,3
4f_3899.pt,3
4f_3905.pt,3
4f_3914.pt,3
4f_3946.pt,3
4f_3973.pt,3
4f_3987.pt,3
4f_3998.pt,3
4f_4001.pt,3
4f_4009.pt,3
4f_4020.pt,3
4f_4091.pt,3
4f_4099.pt,3
4f_4114.pt,3
4f_4125.pt,3
4f_4149.pt,3
4f_4192.pt,3
4f_4211.pt,3
4f_4214.pt,3
4f_4218.pt,3
4f_4237.pt,3
4f_4238.pt,3
4f_4250.pt,3
4f_4288.pt,3
4f_4331.pt,3
4f_4349.pt,3
4f_4406.pt,3
4f_4498.pt,3
4f_4536.pt,3
4f_4581.pt,3
4f_4609.pt,3
4f_4625.pt,3
4f_4640.pt,3
4f_4696.pt,3
4f_4724.pt,3
4f_4750.pt,3
4f_4852.pt,3
4f_4910.pt,3
4f_4933.pt,3
4f_4958.pt,3
4f_4966.pt,3
4f_4973.pt,3
4f_4999.pt,3
4f_5003.pt,3
4f_5010.pt,3
4f_5032.pt,3
4f_5043.pt,3
4f_5065.pt,3
4f_5082.pt,3
4f_5093.pt,3
4f_5103.pt,3
4f_5120.pt,3
4f_5125.pt,3
4f_5127.pt,3
4f_5132.pt,3
4f_5133.pt,3
4f_5152.pt,3
4f_5156.pt,3
4f_5172.pt,3
4f_5232.pt,3
4f_5285.pt,3
4f_5296.pt,3
4f_5307.pt,3
4f_5382.pt,3
4f_5422.pt,3
4f_5450.pt,3
4f_5503.pt,3
4f_5505.pt,3
4f_5520.pt,3
4f_5545.pt,3
4f_5586.pt,3
4f_5594.pt,3
4f_5619.pt,3
4f_5662.pt,3
4f_5685.pt,3
4f_5694.pt,3
4f_5728.pt,3
4f_5743.pt,3
4f_5759.pt,3
4f_5762.pt,3
4f_5771.pt,3
4f_5802.pt,3
4f_5839.pt,3
4f_5881.pt,3
4f_5919.pt,3
4f_5920.pt,3
4f_5956.pt,3
4f_6018.pt,3
4f_6021.pt,3
4f_6041.pt,3
4f_6049.pt,3
4f_6051.pt,3
4f_6052.pt,3
4f_6068.pt,3
4f_6074.pt,3
4f_6085.pt,3
4f_6088.pt,3
4f_6093.pt,3
4f_6106.pt,3
4f_6115.pt,3
4f_6137.pt,3
4f_6153.pt,3
4f_6182.pt,3
4f_6237.pt,3
4f_6250.pt,3
4f_6293.pt,3
4f_6314.pt,3
4f_6337.pt,3
4f_6348.pt,3
4f_6418.pt,3
4f_6436.pt,3
4f_6478.pt,3
4f_6490.pt,3
4f_6494.pt,3
4f_6497.pt,3
4f_6522.pt,3
4f_6537.pt,3
4f_6540.pt,3
4f_6547.pt,3
4f_6556.pt,3
4f_6668.pt,3
4f_6674.pt,3
4f_6720.pt,3
4f_6735.pt,3
4f_6780.pt,3
4f_6801.pt,3
4f_6852.pt,3
4f_6998.pt,3
4f_7021.pt,3
4f_7034.pt,3
4f_7041.pt,3
4f_7044.pt,3
4f_7108.pt,3
4f_7142.pt,3
4f_7155.pt,3
4f_7194.pt,3
4f_7310.pt,3
4f_7319.pt,3
4f_7376.pt,3
4f_7444.pt,3
4f_7465.pt,3
4f_7469.pt,3
4f_7490.pt,3
4f_7501.pt,3
4f_7508.pt,3
4f_7518.pt,3
4f_7521.pt,3
4f_7536.pt,3
4f_7559.pt,3
4f_7575.pt,3
4f_7583.pt,3
4f_7585.pt,3
4f_7591.pt,3
4f_7602.pt,3
4f_7675.pt,3
4f_7685.pt,3
4f_7688.pt,3
4f_7696.pt,3
4f_7754.pt,3
4f_7813.pt,3
4f_7822.pt,3
4f_7831.pt,3
4f_7848.pt,3
4f_7866.pt,3
4f_7877.pt,3
4f_7879.pt,3
4f_7927.pt,3
4f_7935.pt,3
4f_7940.pt,3
4f_7946.pt,3
4f_7960.pt,3
4f_7962.pt,3
4f_7978.pt,3
4f_8010.pt,3
4f_8042.pt,3
4f_8061.pt,3
4f_8086.pt,3
4f_8140.pt,3
4f_8181.pt,3
4f_8214.pt,3
4f_8220.pt,3
4f_8228.pt,3
4f_8236.pt,3
4f_8254.pt,3
4f_8307.pt,3
4f_8313.pt,3
4f_8331.pt,3
4f_8358.pt,3
4f_8408.pt,3
4f_8433.pt,3
4f_8447.pt,3
4f_8450.pt,3
4f_8452.pt,3
4f_8483.pt,3
4f_8494.pt,3
4f_8588.pt,3
4f_8637.pt,3
4f_8648.pt,3
4f_8662.pt,3
4f_8672.pt,3
4f_8680.pt,3
4f_8700.pt,3
4f_8716.pt,3
4f_8749.pt,3
4f_8801.pt,3
4f_8824.pt,3
4f_8831.pt,3
4f_8833.pt,3
4f_8844.pt,3
4f_8848.pt,3
4f_8872.pt,3
4f_8906.pt,3
4f_8937.pt,3
4f_8994.pt,3
4f_9031.pt,3
4f_9098.pt,3
4f_9181.pt,3
4f_9206.pt,3
4f_9275.pt,3
4f_9281.pt,3
4f_9282.pt,3
4f_9318.pt,3
4f_9320.pt,3
4f_9367.pt,3
4f_9388.pt,3
4f_9407.pt,3
4f_9478.pt,3
4f_9481.pt,3
4f_9497.pt,3
4f_9502.pt,3
4f_9511.pt,3
4f_9518.pt,3
4f_9557.pt,3
4f_9571.pt,3
4f_9594.pt,3
4f_9603.pt,3
4f_9620.pt,3
4f_9642.pt,3
4f_9657.pt,3
4f_9762.pt,3
4f_9817.pt,3
4f_9833.pt,3
4f_9847.pt,3
4f_9868.pt,3
4f_9937.pt,3
4f_9978.pt,3
4f_9993.pt,3
4m_1000.pt,3
4m_1024.pt,3
4m_1032.pt,3
4m_1067.pt,3
4m_1073.pt,3
4m_1078.pt,3
4m_1116.pt,3
4m_1118.pt,3
4m_1127.pt,3
4m_1177.pt,3
4m_1178.pt,3
4m_1204.pt,3
4m_1226.pt,3
4m_1285.pt,3
4m_1289.pt,3
4m_1301.pt,3
4m_1329.pt,3
4m_1345.pt,3
4m_1400.pt,3
4m_1417.pt,3
4m_1418.pt,3
4m_1445.pt,3
4m_1452.pt,3
4m_1473.pt,3
4m_1504.pt,3
4m_1527.pt,3
4m_1538.pt,3
4m_1598.pt,3
4m_1621.pt,3
4m_1627.pt,3
4m_1628.pt,3
4m_1639.pt,3
4m_1692.pt,3
4m_1746.pt,3
4m_1755.pt,3
4m_1768.pt,3
4m_1816.pt,3
4m_1824.pt,3
4m_1860.pt,3
4m_1880.pt,3
4m_1889.pt,3
4m_1904.pt,3
4m_1952.pt,3
4m_1985.pt,3
4m_2000.pt,3
4m_2002.pt,3
4m_2026.pt,3
4m_2054.pt,3
4m_2067.pt,3
4m_2092.pt,3
4m_2107.pt,3
4m_2135.pt,3
4m_2144.pt,3
4m_2217.pt,3
4m_2220.pt,3
4m_2233.pt,3
4m_2278.pt,3
4m_2313.pt,3
4m_2350.pt,3
4m_2446.pt,3
4m_2462.pt,3
4m_2464.pt,3
4m_2486.pt,3
4m_2489.pt,3
4m_2499.pt,3
4m_2569.pt,3
4m_2614.pt,3
4m_2644.pt,3
4m_2708.pt,3
4m_2709.pt,3
4m_2774.pt,3
4m_2780.pt,3
4m_2820.pt,3
4m_2831.pt,3
4m_2839.pt,3
4m_2856.pt,3
4m_2888.pt,3
4m_2895.pt,3
4m_2906.pt,3
4m_2929.pt,3
4m_2938.pt,3
4m_2940.pt,3
4m_2952.pt,3
4m_2983.pt,3
4m_3013.pt,3
4m_3017.pt,3
4m_3018.pt,3
4m_3035.pt,3
4m_3059.pt,3
4m_3178.pt,3
4m_3185.pt,3
4m_3187.pt,3
4m_3205.pt,3
4m_3221.pt,3
4m_3229.pt,3
4m_3250.pt,3
4m_3266.pt,3
4m_3285.pt,3
4m_3319.pt,3
4m_3328.pt,3
4m_3362.pt,3
4m_3363.pt,3
4m_3386.pt,3
4m_3396.pt,3
4m_3408.pt,3
4m_3448.pt,3
4m_3450.pt,3
4m_3463.pt,3
4m_3468.pt,3
4m_3471.pt,3
4m_3499.pt,3
4m_3538.pt,3
4m_3585.pt,3
4m_3615.pt,3
4m_3635.pt,3
4m_3636.pt,3
4m_3660.pt,3
4m_3661.pt,3
4m_3662.pt,3
4m_3668.pt,3
4m_3687.pt,3
4m_3699.pt,3
4m_3726.pt,3
4m_3742.pt,3
4m_3744.pt,3
4m_3754.pt,3
4m_3799.pt,3
4m_3811.pt,3
4m_3827.pt,3
4m_3831.pt,3
4m_3836.pt,3
4m_3840.pt,3
4m_3841.pt,3
4m_3864.pt,3
4m_3874.pt,3
4m_3898.pt,3
4m_3902.pt,3
4m_3918.pt,3
4m_3943.pt,3
4m_3951.pt,3
4m_3979.pt,3
4m_3996.pt,3
4m_4000.pt,3
4m_4006.pt,3
4m_4010.pt,3
4m_4011.pt,3
4m_4012.pt,3
4m_4035.pt,3
4m_4074.pt,3
4m_4078.pt,3
4m_4079.pt,3
4m_4096.pt,3
4m_4098.pt,3
4m_4240.pt,3
4m_4284.pt,3
4m_4296.pt,3
4m_4310.pt,3
4m_4320.pt,3
4m_4364.pt,3
4m_4375.pt,3
4m_4376.pt,3
4m_4383.pt,3
4m_4395.pt,3
4m_4414.pt,3
4m_4416.pt,3
4m_4420.pt,3
4m_4424.pt,3
4m_4500.pt,3
4m_4505.pt,3
4m_4506.pt,3
4m_4522.pt,3
4m_4558.pt,3
4m_4571.pt,3
4m_4578.pt,3
4m_4608.pt,3
4m_4632.pt,3
4m_4636.pt,3
4m_4637.pt,3
4m_4676.pt,3
4m_4681.pt,3
4m_4704.pt,3
4m_4745.pt,3
4m_4763.pt,3
4m_4776.pt,3
4m_4782.pt,3
4m_4786.pt,3
4m_4818.pt,3
4m_4842.pt,3
4m_4867.pt,3
4m_4916.pt,3
4m_4932.pt,3
4m_4944.pt,3
4m_4947.pt,3
4m_4949.pt,3
4m_5019.pt,3
4m_5037.pt,3
4m_5045.pt,3
4m_5062.pt,3
4m_5066.pt,3
4m_5073.pt,3
4m_5076.pt,3
4m_5128.pt,3
4m_5171.pt,3
4m_5229.pt,3
4m_5235.pt,3
4m_5246.pt,3
4m_5249.pt,3
4m_5269.pt,3
4m_5278.pt,3
4m_5310.pt,3
4m_5325.pt,3
4m_5341.pt,3
4m_5351.pt,3
4m_5397.pt,3
4m_5398.pt,3
4m_5469.pt,3
4m_5480.pt,3
4m_5502.pt,3
4m_5589.pt,3
4m_5618.pt,3
4m_5705.pt,3
4m_5731.pt,3
4m_5761.pt,3
4m_5809.pt,3
4m_5814.pt,3
4m_5831.pt,3
4m_5851.pt,3
4m_5922.pt,3
4m_5925.pt,3
4m_5980.pt,3
4m_5988.pt,3
4m_5994.pt,3
4m_5998.pt,3
4m_6000.pt,3
4m_6031.pt,3
4m_6043.pt,3
4m_6110.pt,3
4m_6125.pt,3
4m_6147.pt,3
4m_6163.pt,3
4m_6180.pt,3
4m_6192.pt,3
4m_6219.pt,3
4m_6242.pt,3
4m_6244.pt,3
4m_6279.pt,3
4m_6281.pt,3
4m_6289.pt,3
4m_6295.pt,3
4m_6302.pt,3
4m_6328.pt,3
4m_6359.pt,3
4m_6413.pt,3
4m_6460.pt,3
4m_6516.pt,3
4m_6521.pt,3
4m_6566.pt,3
4m_6622.pt,3
4m_6694.pt,3
4m_6695.pt,3
4m_6711.pt,3
4m_6712.pt,3
4m_6748.pt,3
4m_6755.pt,3
4m_6768.pt,3
4m_6803.pt,3
4m_6850.pt,3
4m_6853.pt,3
4m_6904.pt,3
4m_6907.pt,3
4m_6912.pt,3
4m_6913.pt,3
4m_6942.pt,3
4m_6954.pt,3
4m_7018.pt,3
4m_7029.pt,3
4m_7035.pt,3
4m_7181.pt,3
4m_7199.pt,3
4m_7208.pt,3
4m_7231.pt,3
4m_7242.pt,3
4m_7343.pt,3
4m_7345.pt,3
4m_7355.pt,3
4m_7425.pt,3
4m_7483.pt,3
4m_7504.pt,3
4m_7519.pt,3
4m_7568.pt,3
4m_7580.pt,3
4m_7593.pt,3
4m_7599.pt,3
4m_7619.pt,3
4m_7665.pt,3
4m_7697.pt,3
4m_7739.pt,3
4m_7762.pt,3
4m_7779.pt,3
4m_7845.pt,3
4m_7856.pt,3
4m_7860.pt,3
4m_7915.pt,3
4m_7953.pt,3
4m_7975.pt,3
4m_7980.pt,3
4m_7996.pt,3
4m_8047.pt,3
4m_8067.pt,3
4m_8083.pt,3
4m_8085.pt,3
4m_8094.pt,3
4m_8120.pt,3
4m_8144.pt,3
4m_8176.pt,3
4m_8196.pt,3
4m_8201.pt,3
4m_8219.pt,3
4m_8237.pt,3
4m_8249.pt,3
4m_8267.pt,3
4m_8269.pt,3
4m_8340.pt,3
4m_8360.pt,3
4m_8384.pt,3
4m_8438.pt,3
4m_8445.pt,3
4m_8479.pt,3
4m_8511.pt,3
4m_8576.pt,3
4m_8591.pt,3
4m_8598.pt,3
4m_8618.pt,3
4m_8657.pt,3
4m_8725.pt,3
4m_8747.pt,3
4m_8802.pt,3
4m_8804.pt,3
4m_8807.pt,3
4m_8828.pt,3
4m_8830.pt,3
4m_8840.pt,3
4m_8856.pt,3
4m_8873.pt,3
4m_8874.pt,3
4m_8885.pt,3
4m_8987.pt,3
4m_9027.pt,3
4m_9034.pt,3
4m_9045.pt,3
4m_9046.pt,3
4m_9050.pt,3
4m_9072.pt,3
4m_9073.pt,3
4m_9112.pt,3
4m_9114.pt,3
4m_9127.pt,3
4m_9133.pt,3
4m_9143.pt,3
4m_9162.pt,3
4m_9190.pt,3
4m_9199.pt,3
4m_9216.pt,3
4m_9229.pt,3
4m_9243.pt,3
4m_9255.pt,3
4m_9258.pt,3
4m_9263.pt,3
4m_9308.pt,3
4m_9311.pt,3
4m_9380.pt,3
4m_9419.pt,3
4m_9436.pt,3
4m_9441.pt,3
4m_9474.pt,3
4m_9477.pt,3
4m_9480.pt,3
4m_9516.pt,3
4m_9532.pt,3
4m_9550.pt,3
4m_9553.pt,3
4m_9567.pt,3
4m_9589.pt,3
4m_9609.pt,3
4m_9631.pt,3
4m_9643.pt,3
4m_9646.pt,3
4m_9709.pt,3
4m_9723.pt,3
4m_9757.pt,3
4m_9844.pt,3
4m_9854.pt,3
4m_9856.pt,3
4m_9881.pt,3
4m_9929.pt,3
4m_9934.pt,3
4m_9997.pt,3
5f_1059.pt,4
5f_1060.pt,4
5f_1089.pt,4
5f_1148.pt,4
5f_1187.pt,4
5f_1192.pt,4
5f_1194.pt,4
5f_1268.pt,4
5f_1277.pt,4
5f_1492.pt,4
5f_1520.pt,4
5f_1531.pt,4
5f_1561.pt,4
5f_1582.pt,4
5f_1587.pt,4
5f_1644.pt,4
5f_1695.pt,4
5f_1717.pt,4
5f_1745.pt,4
5f_1762.pt,4
5f_1847.pt,4
5f_1854.pt,4
5f_1918.pt,4
5f_1942.pt,4
5f_1959.pt,4
5f_2009.pt,4
5f_2011.pt,4
5f_2014.pt,4
5f_2068.pt,4
5f_2072.pt,4
5f_2125.pt,4
5f_2167.pt,4
5f_2207.pt,4
5f_2234.pt,4
5f_2276.pt,4
5f_2357.pt,4
5f_2362.pt,4
5f_2383.pt,4
5f_2431.pt,4
5f_2432.pt,4
5f_2475.pt,4
5f_2650.pt,4
5f_2706.pt,4
5f_2733.pt,4
5f_2782.pt,4
5f_2785.pt,4
5f_2794.pt,4
5f_2827.pt,4
5f_2858.pt,4
5f_2872.pt,4
5f_2903.pt,4
5f_3048.pt,4
5f_3056.pt,4
5f_3165.pt,4
5f_3203.pt,4
5f_3210.pt,4
5f_3228.pt,4
5f_3237.pt,4
5f_3270.pt,4
5f_3276.pt,4
5f_3280.pt,4
5f_3347.pt,4
5f_3426.pt,4
5f_3452.pt,4
5f_3473.pt,4
5f_3488.pt,4
5f_3510.pt,4
5f_3560.pt,4
5f_3574.pt,4
5f_3679.pt,4
5f_3700.pt,4
5f_3720.pt,4
5f_3801.pt,4
5f_3828.pt,4
5f_3984.pt,4
5f_4065.pt,4
5f_4173.pt,4
5f_4242.pt,4
5f_4263.pt,4
5f_4351.pt,4
5f_4372.pt,4
5f_4447.pt,4
5f_4460.pt,4
5f_4469.pt,4
5f_4496.pt,4
5f_4517.pt,4
5f_4528.pt,4
5f_4605.pt,4
5f_4630.pt,4
5f_4674.pt,4
5f_4679.pt,4
5f_4727.pt,4
5f_4733.pt,4
5f_4847.pt,4
5f_4971.pt,4
5f_4978.pt,4
5f_5013.pt,4
5f_5169.pt,4
5f_5180.pt,4
5f_5262.pt,4
5f_5273.pt,4
5f_5406.pt,4
5f_5412.pt,4
5f_5421.pt,4
5f_5423.pt,4
5f_5459.pt,4
5f_5500.pt,4
5f_5529.pt,4
5f_5582.pt,4
5f_5591.pt,4
5f_5592.pt,4
5f_5613.pt,4
5f_5634.pt,4
5f_5672.pt,4
5f_5745.pt,4
5f_5768.pt,4
5f_5807.pt,4
5f_5810.pt,4
5f_5825.pt,4
5f_5962.pt,4
5f_6001.pt,4
5f_6030.pt,4
5f_6048.pt,4
5f_6050.pt,4
5f_6062.pt,4
5f_6066.pt,4
5f_6089.pt,4
5f_6114.pt,4
5f_6117.pt,4
5f_6128.pt,4
5f_6170.pt,4
5f_6183.pt,4
5f_6252.pt,4
5f_6276.pt,4
5f_6372.pt,4
5f_6387.pt,4
5f_6401.pt,4
5f_6409.pt,4
5f_6496.pt,4
5f_6502.pt,4
5f_6535.pt,4
5f_6627.pt,4
5f_6659.pt,4
5f_6670.pt,4
5f_6685.pt,4
5f_6696.pt,4
5f_6701.pt,4
5f_6797.pt,4
5f_6838.pt,4
5f_6872.pt,4
5f_6885.pt,4
5f_6944.pt,4
5f_6945.pt,4
5f_6985.pt,4
5f_7049.pt,4
5f_7056.pt,4
5f_7114.pt,4
5f_7129.pt,4
5f_7139.pt,4
5f_7143.pt,4
5f_7149.pt,4
5f_7176.pt,4
5f_7296.pt,4
5f_7362.pt,4
5f_7459.pt,4
5f_7491.pt,4
5f_7611.pt,4
5f_7625.pt,4
5f_7647.pt,4
5f_7686.pt,4
5f_7728.pt,4
5f_7734.pt,4
5f_7742.pt,4
5f_7743.pt,4
5f_7764.pt,4
5f_7777.pt,4
5f_7786.pt,4
5f_8065.pt,4
5f_8119.pt,4
5f_8127.pt,4
5f_8217.pt,4
5f_8225.pt,4
5f_8356.pt,4
5f_8389.pt,4
5f_8414.pt,4
5f_8431.pt,4
5f_8442.pt,4
5f_8485.pt,4
5f_8495.pt,4
5f_8525.pt,4
5f_8562.pt,4
5f_8661.pt,4
5f_8678.pt,4
5f_8681.pt,4
5f_8740.pt,4
5f_8763.pt,4
5f_8775.pt,4
5f_8778.pt,4
5f_8847.pt,4
5f_8864.pt,4
5f_8869.pt,4
5f_8882.pt,4
5f_8905.pt,4
5f_8938.pt,4
5f_8959.pt,4
5f_8995.pt,4
5f_8997.pt,4
5f_9022.pt,4
5f_9113.pt,4
5f_9138.pt,4
5f_9161.pt,4
5f_9234.pt,4
5f_9277.pt,4
5f_9290.pt,4
5f_9305.pt,4
5f_9341.pt,4
5f_9369.pt,4
5f_9379.pt,4
5f_9389.pt,4
5f_9398.pt,4
5f_9405.pt,4
5f_9458.pt,4
5f_9479.pt,4
5f_9544.pt,4
5f_9630.pt,4
5f_9724.pt,4
5f_9777.pt,4
5f_9807.pt,4
5f_9869.pt,4
5f_9912.pt,4
5f_9914.pt,4
5f_9943.pt,4
5f_9982.pt,4
5m_1107.pt,4
5m_1119.pt,4
5m_1123.pt,4
5m_1150.pt,4
5m_1181.pt,4
5m_1236.pt,4
5m_1262.pt,4
5m_1302.pt,4
5m_1321.pt,4
5m_1358.pt,4
5m_1360.pt,4
5m_1383.pt,4
5m_1390.pt,4
5m_1415.pt,4
5m_1427.pt,4
5m_1529.pt,4
5m_1535.pt,4
5m_1570.pt,4
5m_1655.pt,4
5m_1732.pt,4
5m_1760.pt,4
5m_1763.pt,4
5m_1852.pt,4
5m_2001.pt,4
5m_2020.pt,4
5m_2112.pt,4
5m_2139.pt,4
5m_2196.pt,4
5m_2199.pt,4
5m_2227.pt,4
5m_2303.pt,4
5m_2311.pt,4
5m_2329.pt,4
5m_2348.pt,4
5m_2355.pt,4
5m_2369.pt,4
5m_2412.pt,4
5m_2448.pt,4
5m_2492.pt,4
5m_2517.pt,4
5m_2565.pt,4
5m_2634.pt,4
5m_2657.pt,4
5m_2717.pt,4
5m_2799.pt,4
5m_2843.pt,4
5m_2892.pt,4
5m_2910.pt,4
5m_2949.pt,4
5m_2954.pt,4
5m_2955.pt,4
5m_2981.pt,4
5m_3051.pt,4
5m_3081.pt,4
5m_3260.pt,4
5m_3272.pt,4
5m_3295.pt,4
5m_3305.pt,4
5m_3343.pt,4
5m_3397.pt,4
5m_3405.pt,4
5m_3411.pt,4
5m_3420.pt,4
5m_3422.pt,4
5m_3432.pt,4
5m_3443.pt,4
5m_3639.pt,4
5m_3655.pt,4
5m_3674.pt,4
5m_3731.pt,4
5m_3780.pt,4
5m_3829.pt,4
5m_3892.pt,4
5m_3903.pt,4
5m_4046.pt,4
5m_4072.pt,4
5m_4127.pt,4
5m_4132.pt,4
5m_4178.pt,4
5m_4179.pt,4
5m_4226.pt,4
5m_4336.pt,4
5m_4356.pt,4
5m_4425.pt,4
5m_4443.pt,4
5m_4495.pt,4
5m_4510.pt,4
5m_4515.pt,4
5m_4535.pt,4
5m_4543.pt,4
5m_4621.pt,4
5m_4634.pt,4
5m_4716.pt,4
5m_4751.pt,4
5m_4824.pt,4
5m_4873.pt,4
5m_4904.pt,4
5m_4906.pt,4
5m_4928.pt,4
5m_4937.pt,4
5m_4952.pt,4
5m_5001.pt,4
5m_5004.pt,4
5m_5014.pt,4
5m_5055.pt,4
5m_5063.pt,4
5m_5084.pt,4
5m_5109.pt,4
5m_5153.pt,4
5m_5331.pt,4
5m_5333.pt,4
5m_5339.pt,4
5m_5381.pt,4
5m_5434.pt,4
5m_5458.pt,4
5m_5482.pt,4
5m_5492.pt,4
5m_5498.pt,4
5m_5519.pt,4
5m_5569.pt,4
5m_5576.pt,4
5m_5584.pt,4
5m_5645.pt,4
5m_5655.pt,4
5m_5674.pt,4
5m_5703.pt,4
5m_5727.pt,4
5m_5770.pt,4
5m_5786.pt,4
5m_5847.pt,4
5m_5971.pt,4
5m_6036.pt,4
5m_6081.pt,4
5m_6136.pt,4
5m_6145.pt,4
5m_6148.pt,4
5m_6176.pt,4
5m_6247.pt,4
5m_6249.pt,4
5m_6271.pt,4
5m_6274.pt,4
5m_6286.pt,4
5m_6309.pt,4
5m_6383.pt,4
5m_6410.pt,4
5m_6470.pt,4
5m_6486.pt,4
5m_6517.pt,4
5m_6545.pt,4
5m_6548.pt,4
5m_6649.pt,4
5m_6736.pt,4
5m_6793.pt,4
5m_6795.pt,4
5m_6880.pt,4
5m_6910.pt,4
5m_6911.pt,4
5m_6978.pt,4
5m_6980.pt,4
5m_6988.pt,4
5m_6995.pt,4
5m_7000.pt,4
5m_7013.pt,4
5m_7074.pt,4
5m_7094.pt,4
5m_7211.pt,4
5m_7268.pt,4
5m_7278.pt,4
5m_7287.pt,4
5m_7308.pt,4
5m_7385.pt,4
5m_7457.pt,4
5m_7509.pt,4
5m_7531.pt,4
5m_7571.pt,4
5m_7578.pt,4
5m_7600.pt,4
5m_7643.pt,4
5m_7646.pt,4
5m_7674.pt,4
5m_7714.pt,4
5m_7757.pt,4
5m_7785.pt,4
5m_7812.pt,4
5m_7858.pt,4
5m_7897.pt,4
5m_7930.pt,4
5m_7971.pt,4
5m_8006.pt,4
5m_8014.pt,4
5m_8018.pt,4
5m_8038.pt,4
5m_8048.pt,4
5m_8074.pt,4
5m_8121.pt,4
5m_8126.pt,4
5m_8188.pt,4
5m_8194.pt,4
5m_8262.pt,4
5m_8296.pt,4
5m_8396.pt,4
5m_8397.pt,4
5m_8422.pt,4
5m_8427.pt,4
5m_8462.pt,4
5m_8539.pt,4
5m_8546.pt,4
5m_8553.pt,4
5m_8563.pt,4
5m_8579.pt,4
5m_8590.pt,4
5m_8685.pt,4
5m_8762.pt,4
5m_8820.pt,4
5m_8825.pt,4
5m_8859.pt,4
5m_8973.pt,4
5m_8982.pt,4
5m_9013.pt,4
5m_9054.pt,4
5m_9094.pt,4
5m_9132.pt,4
5m_9149.pt,4
5m_9197.pt,4
5m_9204.pt,4
5m_9217.pt,4
5m_9228.pt,4
5m_9249.pt,4
5m_9261.pt,4
5m_9295.pt,4
5m_9409.pt,4
5m_9417.pt,4
5m_9460.pt,4
5m_9466.pt,4
5m_9542.pt,4
5m_9546.pt,4
5m_9560.pt,4
5m_9618.pt,4
5m_9627.pt,4
5m_9641.pt,4
5m_9648.pt,4
5m_9679.pt,4
5m_9701.pt,4
5m_9718.pt,4
5m_9719.pt,4
5m_9742.pt,4
5m_9771.pt,4
5m_9778.pt,4
5m_9901.pt,4
